[{"id":"user-image-V00_1369-with-bottom-shade-only.jpg","publicUrl":"np://user.desktop.nicepage.com/Site_18019166/images/V00_1369-with-bottom-shade-only.jpg","size":1311702,"fileName":"V00_1369-with-bottom-shade-only.jpg","name":"V00_1369-with-bottom-shade-only","width":1920,"height":1272,"thumbnail":{"url":"np://user.desktop.nicepage.com/Site_18019166/images/thumbnails/V00_1369-with-bottom-shade-only.jpg","width":250,"height":166}},{"id":"user-image-logo_AEFE_EC-1200x1200px.png","publicUrl":"np://user.desktop.nicepage.com/Site_18019166/images/logo_AEFE_EC-1200x1200px.png","size":51877,"fileName":"logo_AEFE_EC-1200x1200px.png","name":"logo_AEFE_EC-1200x1200px","width":1200,"height":1200,"thumbnail":{"url":"np://user.desktop.nicepage.com/Site_18019166/images/thumbnails/logo_AEFE_EC-1200x1200px.png","width":250,"height":250}},{"id":"user-image-Hevea-1200x1200.png","publicUrl":"np://user.desktop.nicepage.com/Site_18019166/images/Hevea-1200x1200.png","size":30173,"fileName":"Hevea-1200x1200.png","name":"Hevea-1200x1200","width":1200,"height":1200,"thumbnail":{"url":"np://user.desktop.nicepage.com/Site_18019166/images/thumbnails/Hevea-1200x1200.png","width":250,"height":250}},{"id":"user-image-LFKL-1200x12001.png","publicUrl":"np://user.desktop.nicepage.com/Site_18019166/images/LFKL-1200x12001.png","size":34298,"fileName":"LFKL-1200x12001.png","name":"LFKL-1200x12001","width":1200,"height":1200,"thumbnail":{"url":"np://user.desktop.nicepage.com/Site_18019166/images/thumbnails/LFKL-1200x12001.png","width":250,"height":250}},{"id":"user-image-4315445.png","publicUrl":"np://user.desktop.nicepage.com/Site_18019166/images/4315445.png","size":3898,"fileName":"4315445.png","name":"4315445","width":128,"height":128,"thumbnail":{"url":"np://user.desktop.nicepage.com/Site_18019166/images/thumbnails/4315445.png","width":128,"height":128,"length":3898}},{"id":"user-image-LFKLkIDS.jpg","publicUrl":"np://user.desktop.nicepage.com/Site_18019166/images/LFKLkIDS.jpg","size":271940,"fileName":"LFKLkIDS.jpg","name":"LFKLkIDS","width":986,"height":1273,"thumbnail":{"url":"np://user.desktop.nicepage.com/Site_18019166/images/thumbnails/LFKLkIDS.jpg","width":194,"height":250}},{"id":"user-image-9NicoleYap-modified.png","publicUrl":"np://user.desktop.nicepage.com/Site_18019166/images/9NicoleYap-modified.png","size":344076,"fileName":"9NicoleYap-modified.png","name":"9NicoleYap-modified","width":480,"height":480,"thumbnail":{"url":"np://user.desktop.nicepage.com/Site_18019166/images/thumbnails/9NicoleYap-modified.png","width":250,"height":250}},{"id":"user-image-Perezfamily-modified.png","publicUrl":"np://user.desktop.nicepage.com/Site_18019166/images/Perezfamily-modified.png","size":554882,"fileName":"Perezfamily-modified.png","name":"Perezfamily-modified","width":680,"height":680,"thumbnail":{"url":"np://user.desktop.nicepage.com/Site_18019166/images/thumbnails/Perezfamily-modified.png","width":250,"height":250}},{"id":"user-image-3karen-modified.png","publicUrl":"np://user.desktop.nicepage.com/Site_18019166/images/3karen-modified.png","size":2133535,"fileName":"3karen-modified.png","name":"3karen-modified","width":1469,"height":1469,"thumbnail":{"url":"np://user.desktop.nicepage.com/Site_18019166/images/thumbnails/3karen-modified.png","width":250,"height":250}},{"id":"user-image-1237946.png","publicUrl":"np://user.desktop.nicepage.com/Site_18019166/images/1237946.png","size":1197,"fileName":"1237946.png","name":"1237946","width":128,"height":128,"thumbnail":{"url":"np://user.desktop.nicepage.com/Site_18019166/images/thumbnails/1237946.png","width":128,"height":128,"length":1197}},{"id":"user-image-PPN_1038.JPG","publicUrl":"np://user.desktop.nicepage.com/Site_18019166/images/PPN_1038.JPG","size":209310,"fileName":"PPN_1038.JPG","name":"PPN_1038","width":1920,"height":1281,"thumbnail":{"url":"np://user.desktop.nicepage.com/Site_18019166/images/thumbnails/PPN_1038.JPG","width":250,"height":167}},{"id":"user-image-IMG_05062.jpg","publicUrl":"np://user.desktop.nicepage.com/Site_18019166/images/IMG_05062.jpg","size":129477,"fileName":"IMG_05062.jpg","name":"IMG_05062","width":1920,"height":1280,"thumbnail":{"url":"np://user.desktop.nicepage.com/Site_18019166/images/thumbnails/IMG_05062.jpg","width":250,"height":167}},{"id":"user-image-teh008942.jpg","publicUrl":"np://user.desktop.nicepage.com/Site_18019166/images/teh008942.jpg","size":114873,"fileName":"teh008942.jpg","name":"teh008942","width":1920,"height":1280,"thumbnail":{"url":"np://user.desktop.nicepage.com/Site_18019166/images/thumbnails/teh008942.jpg","width":250,"height":167}},{"id":"user-image-SW1-2022-Heave-02-022.jpg","publicUrl":"np://user.desktop.nicepage.com/Site_18019166/images/SW1-2022-Heave-02-022.jpg","size":124333,"fileName":"SW1-2022-Heave-02-022.jpg","name":"SW1-2022-Heave-02-022","width":1920,"height":1280,"thumbnail":{"url":"np://user.desktop.nicepage.com/Site_18019166/images/thumbnails/SW1-2022-Heave-02-022.jpg","width":250,"height":167}},{"id":"user-image-PPN_0382.JPG","publicUrl":"np://user.desktop.nicepage.com/Site_18019166/images/PPN_0382.JPG","size":435475,"fileName":"PPN_0382.JPG","name":"PPN_0382","width":1920,"height":1281,"thumbnail":{"url":"np://user.desktop.nicepage.com/Site_18019166/images/thumbnails/PPN_0382.JPG","width":250,"height":167}},{"id":"user-image-IMG_6892.JPG","publicUrl":"np://user.desktop.nicepage.com/Site_18019166/images/IMG_6892.JPG","size":620539,"fileName":"IMG_6892.JPG","name":"IMG_6892","width":1920,"height":1440,"thumbnail":{"url":"np://user.desktop.nicepage.com/Site_18019166/images/thumbnails/IMG_6892.JPG","width":250,"height":188}},{"id":"user-image-SW1-2022-LFKL-02-031.jpg","publicUrl":"np://user.desktop.nicepage.com/Site_18019166/images/SW1-2022-LFKL-02-031.jpg","size":158223,"fileName":"SW1-2022-LFKL-02-031.jpg","name":"SW1-2022-LFKL-02-031","width":1920,"height":949,"thumbnail":{"url":"np://user.desktop.nicepage.com/Site_18019166/images/thumbnails/SW1-2022-LFKL-02-031.jpg","width":250,"height":124}},{"id":"user-image-SW1-2022-LFKL-04-031.jpg","publicUrl":"np://user.desktop.nicepage.com/Site_18019166/images/SW1-2022-LFKL-04-031.jpg","size":222395,"fileName":"SW1-2022-LFKL-04-031.jpg","name":"SW1-2022-LFKL-04-031","width":1920,"height":1034,"thumbnail":{"url":"np://user.desktop.nicepage.com/Site_18019166/images/thumbnails/SW1-2022-LFKL-04-031.jpg","width":250,"height":135}},{"id":"user-image-teh008631.jpg","publicUrl":"np://user.desktop.nicepage.com/Site_18019166/images/teh008631.jpg","size":220586,"fileName":"teh008631.jpg","name":"teh008631","width":1920,"height":1280,"thumbnail":{"url":"np://user.desktop.nicepage.com/Site_18019166/images/thumbnails/teh008631.jpg","width":250,"height":167}},{"id":"user-image-teh00879-1.jpg","publicUrl":"np://user.desktop.nicepage.com/Site_18019166/images/teh00879-1.jpg","size":659003,"fileName":"teh00879-1.jpg","name":"teh00879-1","width":1920,"height":1555,"thumbnail":{"url":"np://user.desktop.nicepage.com/Site_18019166/images/thumbnails/teh00879-1.jpg","width":250,"height":202}},{"id":"user-image-image002.jpg","publicUrl":"np://user.desktop.nicepage.com/Site_18019166/images/image002.jpg","size":733248,"fileName":"image002.jpg","name":"image002","width":1920,"height":1280,"thumbnail":{"url":"np://user.desktop.nicepage.com/Site_18019166/images/thumbnails/image002.jpg","width":250,"height":167}},{"id":"user-image-V00_2152.JPG","publicUrl":"np://user.desktop.nicepage.com/Site_18019166/images/V00_2152.JPG","size":349184,"fileName":"V00_2152.JPG","name":"V00_2152","width":1920,"height":1280,"thumbnail":{"url":"np://user.desktop.nicepage.com/Site_18019166/images/thumbnails/V00_2152.JPG","width":250,"height":167}},{"id":"user-image-V00_1997.JPG","publicUrl":"np://user.desktop.nicepage.com/Site_18019166/images/V00_1997.JPG","size":419521,"fileName":"V00_1997.JPG","name":"V00_1997","width":1920,"height":1280,"thumbnail":{"url":"np://user.desktop.nicepage.com/Site_18019166/images/thumbnails/V00_1997.JPG","width":250,"height":167}},{"id":"user-image-V00_1177.JPG","publicUrl":"np://user.desktop.nicepage.com/Site_18019166/images/V00_1177.JPG","size":387266,"fileName":"V00_1177.JPG","name":"V00_1177","width":1920,"height":1280,"thumbnail":{"url":"np://user.desktop.nicepage.com/Site_18019166/images/thumbnails/V00_1177.JPG","width":250,"height":167}},{"id":"user-image-V00_1153.JPG","publicUrl":"np://user.desktop.nicepage.com/Site_18019166/images/V00_1153.JPG","size":488831,"fileName":"V00_1153.JPG","name":"V00_1153","width":1920,"height":1272,"thumbnail":{"url":"np://user.desktop.nicepage.com/Site_18019166/images/thumbnails/V00_1153.JPG","width":250,"height":166}},{"id":"user-image-IMG_1872-2.jpg","publicUrl":"np://user.desktop.nicepage.com/Site_18019166/images/IMG_1872-2.jpg","size":278043,"fileName":"IMG_1872-2.jpg","name":"IMG_1872-2","width":1920,"height":1280,"thumbnail":{"url":"np://user.desktop.nicepage.com/Site_18019166/images/thumbnails/IMG_1872-2.jpg","width":250,"height":167}},{"id":"user-image-IMG_1748-2.jpg","publicUrl":"np://user.desktop.nicepage.com/Site_18019166/images/IMG_1748-2.jpg","size":748606,"fileName":"IMG_1748-2.jpg","name":"IMG_1748-2","width":1920,"height":1280,"thumbnail":{"url":"np://user.desktop.nicepage.com/Site_18019166/images/thumbnails/IMG_1748-2.jpg","width":250,"height":167}},{"id":"user-image-IMG_1729-2.jpg","publicUrl":"np://user.desktop.nicepage.com/Site_18019166/images/IMG_1729-2.jpg","size":503261,"fileName":"IMG_1729-2.jpg","name":"IMG_1729-2","width":2000,"height":1333,"thumbnail":{"url":"np://user.desktop.nicepage.com/Site_18019166/images/thumbnails/IMG_1729-2.jpg","width":250,"height":167}},{"id":"user-image-Hevea.JPG","publicUrl":"np://user.desktop.nicepage.com/Site_18019166/images/Hevea.JPG","size":311854,"fileName":"Hevea.JPG","name":"Hevea","width":1920,"height":1281,"thumbnail":{"url":"np://user.desktop.nicepage.com/Site_18019166/images/thumbnails/Hevea.JPG","width":250,"height":167}},{"id":"user-image-104928055_1884105441723289_2710958745346424812_n-2.jpg","publicUrl":"np://user.desktop.nicepage.com/Site_18019166/images/104928055_1884105441723289_2710958745346424812_n-2.jpg","size":198650,"fileName":"104928055_1884105441723289_2710958745346424812_n-2.jpg","name":"104928055_1884105441723289_2710958745346424812_n-2","width":1259,"height":1111,"thumbnail":{"url":"np://user.desktop.nicepage.com/Site_18019166/images/thumbnails/104928055_1884105441723289_2710958745346424812_n-2.jpg","width":250,"height":221}}]