[{"id":"user-image-frame1.png","publicUrl":"np://user.desktop.nicepage.com/Site_179503721/images/frame1.png","size":1231271,"fileName":"frame1.png","name":"frame1","width":1000,"height":919,"thumbnail":{"url":"np://user.desktop.nicepage.com/Site_179503721/images/thumbnails/frame1.png","width":250,"height":230},"usages":["297450214"]},{"id":"user-image-shutterstock_137553097411.png","publicUrl":"np://user.desktop.nicepage.com/Site_179503721/images/shutterstock_137553097411.png","size":1608630,"fileName":"shutterstock_137553097411.png","name":"shutterstock_137553097411","width":1700,"height":1266,"thumbnail":{"url":"np://user.desktop.nicepage.com/Site_179503721/images/thumbnails/shutterstock_137553097411.png","width":250,"height":186},"usages":[]},{"id":"user-image-23.png","publicUrl":"np://user.desktop.nicepage.com/Site_179503721/images/23.png","size":53245,"fileName":"23.png","name":"23","width":931,"height":930,"thumbnail":{"url":"np://user.desktop.nicepage.com/Site_179503721/images/thumbnails/23.png","width":250,"height":250},"usages":["297450214"]},{"id":"user-image-33.png","publicUrl":"np://user.desktop.nicepage.com/Site_179503721/images/33.png","size":60458,"fileName":"33.png","name":"33","width":1011,"height":1011,"thumbnail":{"url":"np://user.desktop.nicepage.com/Site_179503721/images/thumbnails/33.png","width":250,"height":250},"usages":["297450214"]},{"id":"user-image-42.png","publicUrl":"np://user.desktop.nicepage.com/Site_179503721/images/42.png","size":51936,"fileName":"42.png","name":"42","width":988,"height":986,"thumbnail":{"url":"np://user.desktop.nicepage.com/Site_179503721/images/thumbnails/42.png","width":250,"height":249},"usages":["297450214"]},{"id":"user-image-17.png","publicUrl":"np://user.desktop.nicepage.com/Site_179503721/images/17.png","size":49844,"fileName":"17.png","name":"17","width":918,"height":916,"thumbnail":{"url":"np://user.desktop.nicepage.com/Site_179503721/images/thumbnails/17.png","width":250,"height":249},"usages":["297450214"]},{"id":"user-image-shutterstock_13755309741.png","publicUrl":"np://user.desktop.nicepage.com/Site_179503721/images/shutterstock_13755309741.png","size":1562401,"fileName":"shutterstock_13755309741.png","name":"shutterstock_13755309741","width":1500,"height":967,"thumbnail":{"url":"np://user.desktop.nicepage.com/Site_179503721/images/thumbnails/shutterstock_13755309741.png","width":250,"height":161},"usages":["297450214"]},{"id":"user-image-1532303206.jpg","publicUrl":"np://user.desktop.nicepage.com/Site_179503721/images/1532303206.jpg","size":161132,"fileName":"1532303206.jpg","name":"1532303206","width":1429,"height":800,"thumbnail":{"url":"np://user.desktop.nicepage.com/Site_179503721/images/thumbnails/1532303206.jpg","width":250,"height":140},"usages":["297450214"]},{"id":"user-image-465271.png","publicUrl":"np://user.desktop.nicepage.com/Site_179503721/images/465271.png","size":1575,"fileName":"465271.png","name":"465271","width":128,"height":128,"thumbnail":{"url":"np://user.desktop.nicepage.com/Site_179503721/images/thumbnails/465271.png","width":128,"height":128,"length":1575},"usages":["297450214"]},{"id":"user-image-PMC_10th_Anniversary.png","publicUrl":"np://user.desktop.nicepage.com/Site_179503721/images/PMC_10th_Anniversary.png","size":34755,"fileName":"PMC_10th_Anniversary.png","name":"PMC_10th_Anniversary","width":309,"height":291,"thumbnail":{"url":"np://user.desktop.nicepage.com/Site_179503721/images/thumbnails/PMC_10th_Anniversary.png","width":250,"height":235},"usages":["297450214"]},{"id":"user-image-breaker-background1.png","publicUrl":"np://user.desktop.nicepage.com/Site_179503721/images/breaker-background1.png","size":11048,"fileName":"breaker-background1.png","name":"breaker-background1","width":1000,"height":586,"thumbnail":{"url":"np://user.desktop.nicepage.com/Site_179503721/images/thumbnails/breaker-background1.png","width":250,"height":147},"usages":["297450214"]},{"id":"user-image-Dr-See-removebg-preview1.png","publicUrl":"np://user.desktop.nicepage.com/Site_179503721/images/Dr-See-removebg-preview1.png","size":278669,"fileName":"Dr-See-removebg-preview1.png","name":"Dr-See-removebg-preview1","width":400,"height":500,"thumbnail":{"url":"np://user.desktop.nicepage.com/Site_179503721/images/thumbnails/Dr-See-removebg-preview1.png","width":200,"height":250},"usages":["297450214"]},{"id":"user-image-7855930.png","publicUrl":"np://user.desktop.nicepage.com/Site_179503721/images/7855930.png","size":4602,"fileName":"7855930.png","name":"7855930","width":128,"height":128,"thumbnail":{"url":"np://user.desktop.nicepage.com/Site_179503721/images/thumbnails/7855930.png","width":128,"height":128,"length":4602},"usages":["297450214"]},{"id":"user-image-05022-3_PMC_Maternity-Package-July22_19x27_FA-2000x2000px.jpg","publicUrl":"np://user.desktop.nicepage.com/Site_179503721/images/05022-3_PMC_Maternity-Package-July22_19x27_FA-2000x2000px.jpg","size":113756,"fileName":"05022-3_PMC_Maternity-Package-July22_19x27_FA-2000x2000px.jpg","name":"05022-3_PMC_Maternity-Package-July22_19x27_FA-2000x2000px","width":2000,"height":2000,"thumbnail":{"url":"np://user.desktop.nicepage.com/Site_179503721/images/thumbnails/05022-3_PMC_Maternity-Package-July22_19x27_FA-2000x2000px.jpg","width":250,"height":250},"usages":["297450214"]},{"id":"user-image-HospitalLogo.png","publicUrl":"np://user.desktop.nicepage.com/Site_179503721/images/HospitalLogo.png","size":53716,"fileName":"HospitalLogo.png","name":"HospitalLogo","width":1254,"height":304,"thumbnail":{"url":"np://user.desktop.nicepage.com/Site_179503721/images/thumbnails/HospitalLogo.png","width":250,"height":61},"usages":[]},{"id":"user-image-7885254-6.png","publicUrl":"np://user.desktop.nicepage.com/Site_179503721/images/7885254-6.png","size":3146,"fileName":"7885254-6.png","name":"7885254-6","width":128,"height":128,"thumbnail":{"url":"np://user.desktop.nicepage.com/Site_179503721/images/thumbnails/7885254-6.png","width":128,"height":128,"length":3146},"usages":["297450214"]},{"id":"user-image-620807-7.png","publicUrl":"np://user.desktop.nicepage.com/Site_179503721/images/620807-7.png","size":2530,"fileName":"620807-7.png","name":"620807-7","width":128,"height":128,"thumbnail":{"url":"np://user.desktop.nicepage.com/Site_179503721/images/thumbnails/620807-7.png","width":128,"height":128,"length":2530},"usages":["297450214"]},{"id":"user-image-1895474-8.png","publicUrl":"np://user.desktop.nicepage.com/Site_179503721/images/1895474-8.png","size":3617,"fileName":"1895474-8.png","name":"1895474-8","width":128,"height":128,"thumbnail":{"url":"np://user.desktop.nicepage.com/Site_179503721/images/thumbnails/1895474-8.png","width":128,"height":128,"length":3617},"usages":["297450214"]},{"id":"user-image-6603006-5.png","publicUrl":"np://user.desktop.nicepage.com/Site_179503721/images/6603006-5.png","size":3511,"fileName":"6603006-5.png","name":"6603006-5","width":128,"height":128,"thumbnail":{"url":"np://user.desktop.nicepage.com/Site_179503721/images/thumbnails/6603006-5.png","width":128,"height":128,"length":3511},"usages":["297450214"]},{"id":"user-image-Dr-Lai-removebg-preview.png","publicUrl":"np://user.desktop.nicepage.com/Site_179503721/images/Dr-Lai-removebg-preview.png","size":227735,"fileName":"Dr-Lai-removebg-preview.png","name":"Dr-Lai-removebg-preview","width":400,"height":500,"thumbnail":{"url":"np://user.desktop.nicepage.com/Site_179503721/images/thumbnails/Dr-Lai-removebg-preview.png","width":200,"height":250},"usages":["297450214"]},{"id":"user-image-Dr-Liew-removebg-preview.png","publicUrl":"np://user.desktop.nicepage.com/Site_179503721/images/Dr-Liew-removebg-preview.png","size":287107,"fileName":"Dr-Liew-removebg-preview.png","name":"Dr-Liew-removebg-preview","width":400,"height":500,"thumbnail":{"url":"np://user.desktop.nicepage.com/Site_179503721/images/thumbnails/Dr-Liew-removebg-preview.png","width":200,"height":250},"usages":["297450214"]},{"id":"user-image-Dr-Michelle-removebg-preview.png","publicUrl":"np://user.desktop.nicepage.com/Site_179503721/images/Dr-Michelle-removebg-preview.png","size":250631,"fileName":"Dr-Michelle-removebg-preview.png","name":"Dr-Michelle-removebg-preview","width":400,"height":500,"thumbnail":{"url":"np://user.desktop.nicepage.com/Site_179503721/images/thumbnails/Dr-Michelle-removebg-preview.png","width":200,"height":250},"usages":["297450214"]},{"id":"user-image-Dr-Salehuddin-removebg-preview.png","publicUrl":"np://user.desktop.nicepage.com/Site_179503721/images/Dr-Salehuddin-removebg-preview.png","size":263153,"fileName":"Dr-Salehuddin-removebg-preview.png","name":"Dr-Salehuddin-removebg-preview","width":400,"height":500,"thumbnail":{"url":"np://user.desktop.nicepage.com/Site_179503721/images/thumbnails/Dr-Salehuddin-removebg-preview.png","width":200,"height":250},"usages":["297450214"]},{"id":"user-image-Dr-Vinodhini-removebg-preview.png","publicUrl":"np://user.desktop.nicepage.com/Site_179503721/images/Dr-Vinodhini-removebg-preview.png","size":310633,"fileName":"Dr-Vinodhini-removebg-preview.png","name":"Dr-Vinodhini-removebg-preview","width":400,"height":500,"thumbnail":{"url":"np://user.desktop.nicepage.com/Site_179503721/images/thumbnails/Dr-Vinodhini-removebg-preview.png","width":200,"height":250},"usages":["297450214"]},{"id":"user-image-Dr-Jaspal-removebg-preview.png","publicUrl":"np://user.desktop.nicepage.com/Site_179503721/images/Dr-Jaspal-removebg-preview.png","size":243370,"fileName":"Dr-Jaspal-removebg-preview.png","name":"Dr-Jaspal-removebg-preview","width":400,"height":500,"thumbnail":{"url":"np://user.desktop.nicepage.com/Site_179503721/images/thumbnails/Dr-Jaspal-removebg-preview.png","width":200,"height":250},"usages":["297450214"]}]